,indicator,current_zscore,daily_difference
0,Average of all six indicators,-1.1559404405405398,0.023583229931972795
1,Consumer price index,0.7768204817567552,0.0035297496598639473
2,Industrial production,-2.7762762229729665,0.022021768707482993
3,Nonfarm payrolls,-4.4809396554053995,0.03478659863945579
4,Personal consumption expenditures,-4.742656094594584,0.06331707482993197
5,Real disposable personal income,3.5521065297297274,0.04644343605442176
6,S&P 500,0.7353015378378379,0.04698137074829931
